117.6536,116.2686,12/12/2019 3:19:18 PM
117.6164,115.9221,12/12/2019 3:19:18 PM
117.5545,115.9967,12/12/2019 3:19:18 PM
117.2111,116.1149,12/12/2019 3:19:18 PM
116.8621,116.2217,12/12/2019 3:19:18 PM
116.3321,116.3817,12/12/2019 3:19:18 PM
115.822,116.0903,12/12/2019 3:19:18 PM
115.8519,115.611,12/12/2019 3:19:18 PM
115.6744,115.4752,12/12/2019 3:19:18 PM
115.6583,115.3972,12/12/2019 3:19:18 PM
115.1689,114.8689,12/12/2019 3:19:18 PM
114.9418,114.6642,12/12/2019 3:19:18 PM
115.0292,114.5688,12/12/2019 3:19:18 PM
115.1604,114.2903,12/12/2019 3:19:18 PM
115.2337,114.0573,12/12/2019 3:19:18 PM
115.5118,113.9385,12/12/2019 3:19:18 PM
115.4511,113.8803,12/12/2019 3:19:18 PM
115.7564,113.9055,12/12/2019 3:19:18 PM
115.8864,114.019,12/12/2019 3:19:18 PM
115.9526,114.0589,12/12/2019 3:19:19 PM
115.971,113.9529,12/12/2019 3:19:19 PM
115.9249,113.9297,12/12/2019 3:19:19 PM
115.8282,113.8051,12/12/2019 3:19:19 PM
116.1173,113.7768,12/12/2019 3:19:19 PM
116.2698,113.7028,12/12/2019 3:19:19 PM
116.3281,113.6599,12/12/2019 3:19:19 PM
116.0163,114.0022,12/12/2019 3:19:19 PM
115.4242,114.134,12/12/2019 3:19:19 PM
114.8202,114.6904,12/12/2019 3:19:19 PM
114.6879,115.3056,12/12/2019 3:19:19 PM
114.2045,115.5432,12/12/2019 3:19:19 PM
113.3781,115.4419,12/12/2019 3:19:19 PM
112.6511,115.6957,12/12/2019 3:19:19 PM
112.0493,115.7481,12/12/2019 3:19:19 PM
111.9147,115.57,12/12/2019 3:19:19 PM
111.2127,115.7865,12/12/2019 3:19:19 PM
110.7307,115.5249,12/12/2019 3:19:19 PM
110.4364,115.241,12/12/2019 3:19:19 PM
110.3758,115.1247,12/12/2019 3:19:19 PM
111.6254,115.1882,12/12/2019 3:19:19 PM
112.2831,115.181,12/12/2019 3:19:19 PM
112.5349,115.2344,12/12/2019 3:19:19 PM
113.1069,115.2467,12/12/2019 3:19:19 PM
113.4198,115.1444,12/12/2019 3:19:19 PM
113.6122,115.0062,12/12/2019 3:19:19 PM
114.0322,114.9245,12/12/2019 3:19:19 PM
114.1247,114.863,12/12/2019 3:19:19 PM
114.3309,114.8014,12/12/2019 3:19:19 PM
114.4967,114.7832,12/12/2019 3:19:19 PM
114.7495,114.8142,12/12/2019 3:19:20 PM
114.9537,114.8126,12/12/2019 3:19:20 PM
115.1258,114.8125,12/12/2019 3:19:20 PM
115.3297,114.8565,12/12/2019 3:19:20 PM
115.5341,114.9001,12/12/2019 3:19:20 PM
115.6697,115.0076,12/12/2019 3:19:20 PM
115.6026,115.0847,12/12/2019 3:19:20 PM
115.5218,115.1297,12/12/2019 3:19:20 PM
115.4953,115.2207,12/12/2019 3:19:20 PM
115.4383,115.2833,12/12/2019 3:19:20 PM
115.4427,115.5616,12/12/2019 3:19:20 PM
115.4342,116.2971,12/12/2019 3:19:20 PM
115.344,117.9204,12/12/2019 3:19:20 PM
115.2988,120.3196,12/12/2019 3:19:20 PM
115.3078,123.1771,12/12/2019 3:19:20 PM
115.2401,126.3069,12/12/2019 3:19:20 PM
115.2603,129.4333,12/12/2019 3:19:20 PM
115.204,132.4298,12/12/2019 3:19:20 PM
115.2354,135.3811,12/12/2019 3:19:20 PM
115.0881,138.4624,12/12/2019 3:19:20 PM
115.1233,140.8228,12/12/2019 3:19:20 PM
115.0848,143.0395,12/12/2019 3:19:20 PM
115.0728,144.7486,12/12/2019 3:19:20 PM
115.0839,146.0521,12/12/2019 3:19:20 PM
115.1107,146.9545,12/12/2019 3:19:20 PM
115.1016,147.9081,12/12/2019 3:19:20 PM
115.0392,148.5205,12/12/2019 3:19:20 PM
114.9988,148.9434,12/12/2019 3:19:20 PM
115.0161,149.154,12/12/2019 3:19:20 PM
115.048,149.0736,12/12/2019 3:19:20 PM
115.1567,148.9761,12/12/2019 3:19:21 PM
115.0716,148.6228,12/12/2019 3:19:21 PM
115.0544,147.3761,12/12/2019 3:19:21 PM
115.0129,144.7318,12/12/2019 3:19:21 PM
115.2789,141.5691,12/12/2019 3:19:21 PM
116.1077,138.0296,12/12/2019 3:19:21 PM
118.6325,135.1151,12/12/2019 3:19:21 PM
123.6784,131.8616,12/12/2019 3:19:21 PM
128.83,128.6789,12/12/2019 3:19:21 PM
133.8064,125.9998,12/12/2019 3:19:21 PM
138.7325,123.8381,12/12/2019 3:19:21 PM
143.6742,121.9354,12/12/2019 3:19:21 PM
149.5057,120.8833,12/12/2019 3:19:21 PM
151.7079,119.7347,12/12/2019 3:19:21 PM
154.1492,119.1462,12/12/2019 3:19:21 PM
157.2806,118.8712,12/12/2019 3:19:21 PM
158.8334,118.7505,12/12/2019 3:19:21 PM
159.8865,118.5204,12/12/2019 3:19:21 PM
160.4548,118.4033,12/12/2019 3:19:21 PM
160.2186,118.2849,12/12/2019 3:19:21 PM
160.1089,118.2775,12/12/2019 3:19:21 PM
159.9855,118.1894,12/12/2019 3:19:21 PM
159.9346,118.1645,12/12/2019 3:19:21 PM
159.8343,118.1081,12/12/2019 3:19:21 PM
159.8062,118.0488,12/12/2019 3:19:21 PM
159.6324,118.008,12/12/2019 3:19:21 PM
159.6185,117.9191,12/12/2019 3:19:21 PM
159.6174,117.828,12/12/2019 3:19:21 PM
159.625,117.7599,12/12/2019 3:19:21 PM
159.6427,117.6158,12/12/2019 3:19:21 PM
159.5434,117.4492,12/12/2019 3:19:22 PM
159.6552,117.348,12/12/2019 3:19:22 PM
159.7017,117.2136,12/12/2019 3:19:22 PM
159.8648,117.114,12/12/2019 3:19:22 PM
160.1619,117.0592,12/12/2019 3:19:22 PM
160.3954,117.0839,12/12/2019 3:19:22 PM
160.7231,117.0909,12/12/2019 3:19:22 PM
161.117,117.1139,12/12/2019 3:19:22 PM
161.429,117.0705,12/12/2019 3:19:22 PM
161.7994,117.0674,12/12/2019 3:19:22 PM
162.0789,117.145,12/12/2019 3:19:22 PM
161.9873,117.1776,12/12/2019 3:19:22 PM
161.8539,117.2224,12/12/2019 3:19:22 PM
163.5878,117.2323,12/12/2019 3:19:22 PM
163.6421,117.1828,12/12/2019 3:19:22 PM
162.3561,117.1524,12/12/2019 3:19:22 PM
158.6229,117.0907,12/12/2019 3:19:22 PM
154.3478,117.0325,12/12/2019 3:19:22 PM
148.3596,116.9228,12/12/2019 3:19:22 PM
142.0847,116.7253,12/12/2019 3:19:22 PM
136.0609,116.4506,12/12/2019 3:19:22 PM
131.9655,116.1361,12/12/2019 3:19:22 PM
127.2516,115.7316,12/12/2019 3:19:22 PM
122.8681,115.3366,12/12/2019 3:19:22 PM
118.9852,115.2182,12/12/2019 3:19:22 PM
116.9062,115.0972,12/12/2019 3:19:22 PM
115.5473,114.9986,12/12/2019 3:19:22 PM
115.0525,114.9735,12/12/2019 3:19:22 PM
115.1628,115.016,12/12/2019 3:19:22 PM
115.7547,115.0417,12/12/2019 3:19:22 PM
115.7547,115.0417,12/12/2019 3:19:23 PM
122.6401,115.0828,12/12/2019 3:19:23 PM
128.3582,115.1978,12/12/2019 3:19:23 PM
128.3582,115.1978,12/12/2019 3:19:23 PM
132.1252,115.3461,12/12/2019 3:19:23 PM
141.5866,115.4856,12/12/2019 3:19:23 PM
145.2681,115.5065,12/12/2019 3:19:23 PM
148.1328,115.5719,12/12/2019 3:19:23 PM
148.1328,115.5719,12/12/2019 3:19:23 PM
151.9701,115.587,12/12/2019 3:19:23 PM
156.3996,115.6674,12/12/2019 3:19:23 PM
158.5895,115.7228,12/12/2019 3:19:23 PM
158.5895,115.7228,12/12/2019 3:19:23 PM
161.5308,115.8712,12/12/2019 3:19:23 PM
162.1201,115.8725,12/12/2019 3:19:23 PM
162.3012,115.8407,12/12/2019 3:19:23 PM
162.3012,115.8407,12/12/2019 3:19:23 PM
161.7888,115.7627,12/12/2019 3:19:23 PM
161.7888,115.7627,12/12/2019 3:19:23 PM
159.9875,115.7985,12/12/2019 3:19:23 PM
157.2782,115.9413,12/12/2019 3:19:23 PM
149.3937,119.318,12/12/2019 3:19:23 PM
144.7038,124.2404,12/12/2019 3:19:23 PM
144.7038,124.2404,12/12/2019 3:19:23 PM
137.1324,133.9663,12/12/2019 3:19:23 PM
137.1324,133.9663,12/12/2019 3:19:23 PM
133.2329,139.4794,12/12/2019 3:19:23 PM
129.8749,144.0291,12/12/2019 3:19:23 PM
126.1214,148.299,12/12/2019 3:19:23 PM
123.0439,151.298,12/12/2019 3:19:23 PM
120.0768,153.121,12/12/2019 3:19:24 PM
117.3596,154.4118,12/12/2019 3:19:24 PM
115.1201,154.7154,12/12/2019 3:19:24 PM
115.1201,154.7154,12/12/2019 3:19:24 PM
114.3471,154.6689,12/12/2019 3:19:24 PM
113.9976,154.5071,12/12/2019 3:19:24 PM
113.9374,154.2539,12/12/2019 3:19:24 PM
113.8403,153.8893,12/12/2019 3:19:24 PM
113.5046,152.327,12/12/2019 3:19:24 PM
113.5046,152.327,12/12/2019 3:19:24 PM
113.5229,150.9079,12/12/2019 3:19:24 PM
113.5498,149.1124,12/12/2019 3:19:24 PM
113.6044,147.1304,12/12/2019 3:19:24 PM
113.6127,144.2891,12/12/2019 3:19:24 PM
113.5659,138.6234,12/12/2019 3:19:24 PM
113.5659,138.6234,12/12/2019 3:19:24 PM
113.5221,135.6514,12/12/2019 3:19:24 PM
113.5179,133.2726,12/12/2019 3:19:24 PM
113.4746,129.9384,12/12/2019 3:19:24 PM
113.4285,126.9425,12/12/2019 3:19:24 PM
113.468,124.2966,12/12/2019 3:19:24 PM
113.426,120.9713,12/12/2019 3:19:24 PM
113.3805,117.9845,12/12/2019 3:19:24 PM
113.3631,115.6059,12/12/2019 3:19:24 PM
113.3805,114.8217,12/12/2019 3:19:24 PM
113.4101,113.9927,12/12/2019 3:19:24 PM
113.4047,113.8342,12/12/2019 3:19:24 PM
113.4595,113.6764,12/12/2019 3:19:24 PM
113.5245,113.6872,12/12/2019 3:19:24 PM
113.7647,113.7743,12/12/2019 3:19:24 PM
115.3386,113.8468,12/12/2019 3:19:25 PM
115.1108,113.958,12/12/2019 3:19:25 PM
115.0497,114.1294,12/12/2019 3:19:25 PM
114.8898,114.2629,12/12/2019 3:19:25 PM
114.8359,114.3691,12/12/2019 3:19:25 PM
114.7983,114.4447,12/12/2019 3:19:25 PM
114.6932,114.5512,12/12/2019 3:19:25 PM
114.6222,114.6164,12/12/2019 3:19:25 PM
114.6042,114.6994,12/12/2019 3:19:25 PM
114.546,114.9084,12/12/2019 3:19:25 PM
114.4779,116.4276,12/12/2019 3:19:25 PM
114.479,120.9462,12/12/2019 3:19:25 PM
114.4699,127.4074,12/12/2019 3:19:25 PM
114.5448,132.0722,12/12/2019 3:19:25 PM
114.6769,138.5822,12/12/2019 3:19:25 PM
114.811,143.2796,12/12/2019 3:19:25 PM
114.8609,147.3228,12/12/2019 3:19:25 PM
114.9966,150.3251,12/12/2019 3:19:25 PM
115.0873,153.0849,12/12/2019 3:19:25 PM
115.1058,154.5213,12/12/2019 3:19:25 PM
115.1394,155.3716,12/12/2019 3:19:25 PM
115.1746,155.8404,12/12/2019 3:19:25 PM
115.1406,156.3516,12/12/2019 3:19:25 PM
115.1751,156.5671,12/12/2019 3:19:25 PM
115.1787,156.5623,12/12/2019 3:19:25 PM
115.1748,156.5205,12/12/2019 3:19:25 PM
115.1774,156.2645,12/12/2019 3:19:25 PM
115.192,155.2407,12/12/2019 3:19:25 PM
115.19,152.8224,12/12/2019 3:19:25 PM
115.1575,149.4513,12/12/2019 3:19:25 PM
115.082,145.8491,12/12/2019 3:19:26 PM
116.6146,141.1962,12/12/2019 3:19:26 PM
116.1245,137.9713,12/12/2019 3:19:26 PM
115.8851,133.7506,12/12/2019 3:19:26 PM
115.7455,130.4096,12/12/2019 3:19:26 PM
115.6482,127.0747,12/12/2019 3:19:26 PM
115.4893,124.6246,12/12/2019 3:19:26 PM
115.3338,121.54,12/12/2019 3:19:26 PM
115.2365,119.4592,12/12/2019 3:19:26 PM
115.1103,117.8314,12/12/2019 3:19:26 PM
114.9776,116.5033,12/12/2019 3:19:26 PM
114.8409,115.3598,12/12/2019 3:19:26 PM
114.8045,114.7706,12/12/2019 3:19:26 PM
114.8272,114.3229,12/12/2019 3:19:26 PM
114.8128,114.0421,12/12/2019 3:19:26 PM
114.8054,113.7943,12/12/2019 3:19:26 PM
114.7984,113.5311,12/12/2019 3:19:26 PM
114.7677,113.4963,12/12/2019 3:19:26 PM
114.7355,113.3535,12/12/2019 3:19:26 PM
114.7334,113.2827,12/12/2019 3:19:26 PM
114.7215,113.1519,12/12/2019 3:19:26 PM
114.7199,113.0632,12/12/2019 3:19:26 PM
114.7175,113.0025,12/12/2019 3:19:26 PM
114.704,112.9548,12/12/2019 3:19:26 PM
114.7164,112.9213,12/12/2019 3:19:26 PM
114.7112,112.9025,12/12/2019 3:19:26 PM
114.7391,112.9204,12/12/2019 3:19:26 PM
114.7414,112.9157,12/12/2019 3:19:26 PM
114.7362,112.9151,12/12/2019 3:19:26 PM
114.7073,112.9265,12/12/2019 3:19:26 PM
114.6682,112.9535,12/12/2019 3:19:27 PM
114.6581,112.9909,12/12/2019 3:19:27 PM
114.5712,113.0063,12/12/2019 3:19:27 PM
114.6827,113.0712,12/12/2019 3:19:27 PM
114.9515,113.2269,12/12/2019 3:19:27 PM
115.9849,113.3656,12/12/2019 3:19:27 PM
117.7306,113.4485,12/12/2019 3:19:27 PM
120.3462,113.5092,12/12/2019 3:19:27 PM
122.8186,113.5378,12/12/2019 3:19:27 PM
126.34,113.5447,12/12/2019 3:19:27 PM
129.8024,113.6481,12/12/2019 3:19:27 PM
132.8395,113.7796,12/12/2019 3:19:27 PM
135.1991,113.9623,12/12/2019 3:19:27 PM
138.0098,114.1166,12/12/2019 3:19:27 PM
140.4865,114.1816,12/12/2019 3:19:27 PM
143.8409,114.2619,12/12/2019 3:19:27 PM
145.5126,114.3146,12/12/2019 3:19:27 PM
146.9584,114.4071,12/12/2019 3:19:27 PM
147.9676,114.3294,12/12/2019 3:19:27 PM
149.7856,114.2994,12/12/2019 3:19:27 PM
151.1165,114.2059,12/12/2019 3:19:27 PM
151.897,114.1814,12/12/2019 3:19:27 PM
152.4344,114.1779,12/12/2019 3:19:27 PM
152.6938,114.1302,12/12/2019 3:19:27 PM
152.7629,114.1282,12/12/2019 3:19:27 PM
152.0535,114.1305,12/12/2019 3:19:27 PM
151.1697,114.1417,12/12/2019 3:19:27 PM
149.9076,114.1461,12/12/2019 3:19:27 PM
148.1444,114.1455,12/12/2019 3:19:27 PM
146.0446,114.1144,12/12/2019 3:19:27 PM
143.1007,114.106,12/12/2019 3:19:27 PM
140.9493,114.0699,12/12/2019 3:19:28 PM
138.5603,114.026,12/12/2019 3:19:28 PM
136.3762,113.9666,12/12/2019 3:19:28 PM
134.6178,113.9207,12/12/2019 3:19:28 PM
132.2749,113.9597,12/12/2019 3:19:28 PM
129.7964,113.9554,12/12/2019 3:19:28 PM
127.8535,113.908,12/12/2019 3:19:28 PM
125.6016,114.0272,12/12/2019 3:19:28 PM
123.3771,113.9699,12/12/2019 3:19:28 PM
121.6989,114.0311,12/12/2019 3:19:28 PM
119.8864,114.0362,12/12/2019 3:19:28 PM
118.6514,114.0502,12/12/2019 3:19:28 PM
117.2414,113.989,12/12/2019 3:19:28 PM
115.7876,113.9098,12/12/2019 3:19:28 PM
114.845,113.8292,12/12/2019 3:19:28 PM
113.9933,113.9896,12/12/2019 3:19:28 PM
114.5548,114.3284,12/12/2019 3:19:28 PM
114.0481,115.209,12/12/2019 3:19:28 PM
113.6574,118.2094,12/12/2019 3:19:28 PM
113.6804,122.0735,12/12/2019 3:19:28 PM
114.0748,126.5554,12/12/2019 3:19:28 PM
114.2746,130.4936,12/12/2019 3:19:28 PM
114.7191,134.8466,12/12/2019 3:19:28 PM
115.0466,139.1347,12/12/2019 3:19:28 PM
115.3163,142.6662,12/12/2019 3:19:28 PM
115.568,145.2588,12/12/2019 3:19:28 PM
115.776,146.8931,12/12/2019 3:19:28 PM
117.1915,148.379,12/12/2019 3:19:28 PM
116.999,149.5236,12/12/2019 3:19:28 PM
116.8595,150.2482,12/12/2019 3:19:28 PM
116.842,150.7809,12/12/2019 3:19:29 PM
116.6978,150.887,12/12/2019 3:19:29 PM
116.6738,150.8533,12/12/2019 3:19:29 PM
116.6102,150.668,12/12/2019 3:19:29 PM
116.5286,150.0531,12/12/2019 3:19:29 PM
116.3533,148.6709,12/12/2019 3:19:29 PM
116.2508,146.2604,12/12/2019 3:19:29 PM
116.1128,142.5477,12/12/2019 3:19:29 PM
115.8755,138.8564,12/12/2019 3:19:29 PM
115.5568,134.6374,12/12/2019 3:19:29 PM
115.2355,131.8487,12/12/2019 3:19:29 PM
115.029,128.5848,12/12/2019 3:19:29 PM
114.9328,125.8326,12/12/2019 3:19:29 PM
114.7874,123.1449,12/12/2019 3:19:29 PM
114.7605,120.859,12/12/2019 3:19:29 PM
114.783,119.1916,12/12/2019 3:19:29 PM
114.7729,117.9996,12/12/2019 3:19:29 PM
114.7428,117.2388,12/12/2019 3:19:29 PM
114.7378,116.8085,12/12/2019 3:19:29 PM
114.693,116.5187,12/12/2019 3:19:29 PM
114.6718,116.2682,12/12/2019 3:19:29 PM
114.6799,116.0561,12/12/2019 3:19:29 PM
114.6805,115.795,12/12/2019 3:19:29 PM
114.6984,115.5488,12/12/2019 3:19:29 PM
114.7434,115.2511,12/12/2019 3:19:29 PM
114.7722,115.0476,12/12/2019 3:19:29 PM
114.7851,114.7628,12/12/2019 3:19:29 PM
114.7971,114.5512,12/12/2019 3:19:29 PM
114.8961,114.481,12/12/2019 3:19:29 PM
115.0696,114.3903,12/12/2019 3:19:29 PM
115.5464,114.3542,12/12/2019 3:19:30 PM
116.9542,114.3145,12/12/2019 3:19:30 PM
119.4475,114.2874,12/12/2019 3:19:30 PM
121.9676,114.2546,12/12/2019 3:19:30 PM
125.4905,114.2508,12/12/2019 3:19:30 PM
129.7306,114.2409,12/12/2019 3:19:30 PM
132.677,114.3814,12/12/2019 3:19:30 PM
135.673,114.3781,12/12/2019 3:19:30 PM
138.4967,114.5143,12/12/2019 3:19:30 PM
141.2221,114.6158,12/12/2019 3:19:30 PM
143.9157,114.6967,12/12/2019 3:19:30 PM
145.8449,114.7841,12/12/2019 3:19:30 PM
147.5354,114.8058,12/12/2019 3:19:30 PM
150.6906,114.8237,12/12/2019 3:19:30 PM
152.6537,114.7616,12/12/2019 3:19:30 PM
154.2406,114.7554,12/12/2019 3:19:30 PM
155.3238,114.7615,12/12/2019 3:19:30 PM
156.0693,114.7012,12/12/2019 3:19:30 PM
156.4385,114.7127,12/12/2019 3:19:30 PM
156.5216,114.3118,12/12/2019 3:19:30 PM
156.5159,114.3286,12/12/2019 3:19:30 PM
156.1136,114.3494,12/12/2019 3:19:30 PM
154.8172,114.3446,12/12/2019 3:19:30 PM
151.6633,114.3949,12/12/2019 3:19:30 PM
148.8424,114.4203,12/12/2019 3:19:30 PM
145.9559,114.4176,12/12/2019 3:19:30 PM
143.1018,114.423,12/12/2019 3:19:30 PM
141.0011,114.4266,12/12/2019 3:19:30 PM
138.683,114.4258,12/12/2019 3:19:30 PM
136.6675,114.4564,12/12/2019 3:19:30 PM
134.4671,114.4731,12/12/2019 3:19:31 PM
132.2161,114.4123,12/12/2019 3:19:31 PM
129.7655,114.3578,12/12/2019 3:19:31 PM
127.7627,114.3051,12/12/2019 3:19:31 PM
126.0713,114.2327,12/12/2019 3:19:31 PM
124.5666,114.205,12/12/2019 3:19:31 PM
122.9284,114.2447,12/12/2019 3:19:31 PM
121.694,114.1995,12/12/2019 3:19:31 PM
120.9621,114.1868,12/12/2019 3:19:31 PM
120.4247,114.1803,12/12/2019 3:19:31 PM
119.7788,114.1426,12/12/2019 3:19:31 PM
119.0412,114.1466,12/12/2019 3:19:31 PM
118.2305,114.0991,12/12/2019 3:19:31 PM
117.6928,114.1308,12/12/2019 3:19:31 PM
116.9601,114.1114,12/12/2019 3:19:31 PM
116.298,114.1003,12/12/2019 3:19:31 PM
115.7911,114.0528,12/12/2019 3:19:31 PM
115.3471,113.981,12/12/2019 3:19:31 PM
114.838,113.9386,12/12/2019 3:19:31 PM
114.4388,113.937,12/12/2019 3:19:31 PM
113.9874,113.9208,12/12/2019 3:19:31 PM
113.7916,113.9101,12/12/2019 3:19:31 PM
113.7038,113.8981,12/12/2019 3:19:31 PM
113.7142,113.9126,12/12/2019 3:19:31 PM
113.7732,113.9209,12/12/2019 3:19:31 PM
113.8237,113.9073,12/12/2019 3:19:31 PM
113.9492,113.9134,12/12/2019 3:19:31 PM
113.957,113.9178,12/12/2019 3:19:31 PM
114.0125,113.9128,12/12/2019 3:19:31 PM
114.0366,113.9139,12/12/2019 3:19:31 PM
114.0721,113.9465,12/12/2019 3:19:32 PM
114.0695,113.951,12/12/2019 3:19:32 PM
114.1232,113.9722,12/12/2019 3:19:32 PM
114.1127,113.9751,12/12/2019 3:19:32 PM
114.1065,113.9531,12/12/2019 3:19:32 PM
114.1188,113.9677,12/12/2019 3:19:32 PM
114.1081,113.9688,12/12/2019 3:19:32 PM
114.051,113.9978,12/12/2019 3:19:32 PM
114.0147,113.993,12/12/2019 3:19:32 PM
114.0308,114.0139,12/12/2019 3:19:32 PM
113.9576,114.0135,12/12/2019 3:19:32 PM
113.8883,113.9904,12/12/2019 3:19:32 PM
113.8347,114.0004,12/12/2019 3:19:32 PM
113.8085,114.0457,12/12/2019 3:19:32 PM
113.7505,114.0423,12/12/2019 3:19:32 PM
113.8234,114.0602,12/12/2019 3:19:32 PM
113.889,114.0687,12/12/2019 3:19:32 PM
113.8584,114.0537,12/12/2019 3:19:32 PM
113.909,114.0733,12/12/2019 3:19:32 PM
113.9551,114.091,12/12/2019 3:19:32 PM
113.9757,114.0982,12/12/2019 3:19:32 PM
113.9535,114.1042,12/12/2019 3:19:32 PM
113.9508,114.1081,12/12/2019 3:19:32 PM
113.9856,114.1052,12/12/2019 3:19:32 PM
113.9959,114.1052,12/12/2019 3:19:32 PM
113.9768,114.0838,12/12/2019 3:19:32 PM
113.9784,114.0766,12/12/2019 3:19:32 PM
113.963,114.0698,12/12/2019 3:19:32 PM
113.9521,114.0917,12/12/2019 3:19:32 PM
113.9878,114.0999,12/12/2019 3:19:32 PM
113.9912,114.0724,12/12/2019 3:19:33 PM
113.9907,114.0611,12/12/2019 3:19:33 PM
113.9832,114.0577,12/12/2019 3:19:33 PM
113.963,114.0345,12/12/2019 3:19:33 PM
113.9668,114.0223,12/12/2019 3:19:33 PM
113.9428,114.0119,12/12/2019 3:19:33 PM
113.9094,114.0012,12/12/2019 3:19:33 PM
113.9094,113.9943,12/12/2019 3:19:33 PM
113.9363,114.0039,12/12/2019 3:19:33 PM
113.9092,113.9875,12/12/2019 3:19:33 PM
113.9089,113.9816,12/12/2019 3:19:33 PM
113.9431,113.9663,12/12/2019 3:19:33 PM
113.9573,113.9673,12/12/2019 3:19:33 PM
113.9474,113.9575,12/12/2019 3:19:33 PM
114.0012,113.9536,12/12/2019 3:19:33 PM
114.0179,113.9716,12/12/2019 3:19:33 PM
115.7313,113.9587,12/12/2019 3:19:33 PM
115.5961,113.9623,12/12/2019 3:19:33 PM
116.253,113.9531,12/12/2019 3:19:33 PM
116.0286,113.9242,12/12/2019 3:19:33 PM
116.503,113.9207,12/12/2019 3:19:33 PM
116.1719,113.8932,12/12/2019 3:19:33 PM
115.9699,113.8704,12/12/2019 3:19:33 PM
115.7736,113.8789,12/12/2019 3:19:33 PM
115.6458,113.8818,12/12/2019 3:19:33 PM
115.5719,113.869,12/12/2019 3:19:33 PM
115.5009,113.8389,12/12/2019 3:19:33 PM
115.4565,113.8571,12/12/2019 3:19:33 PM
115.3766,113.8601,12/12/2019 3:19:33 PM
115.2969,113.8455,12/12/2019 3:19:33 PM
115.2348,113.8169,12/12/2019 3:19:34 PM
115.1998,113.8283,12/12/2019 3:19:34 PM
115.1207,113.8159,12/12/2019 3:19:34 PM
115.0896,113.8226,12/12/2019 3:19:34 PM
115.0884,113.8419,12/12/2019 3:19:34 PM
115.0346,113.8287,12/12/2019 3:19:34 PM
115.0043,113.8237,12/12/2019 3:19:34 PM
114.9499,113.8164,12/12/2019 3:19:34 PM
114.9183,113.8144,12/12/2019 3:19:34 PM
114.9006,113.8055,12/12/2019 3:19:34 PM
114.8708,113.792,12/12/2019 3:19:34 PM
114.8638,113.7864,12/12/2019 3:19:34 PM
114.7924,113.7816,12/12/2019 3:19:34 PM
114.7498,113.7806,12/12/2019 3:19:34 PM
114.7284,113.7663,12/12/2019 3:19:34 PM
114.7005,113.7391,12/12/2019 3:19:34 PM
114.6833,113.7082,12/12/2019 3:19:34 PM
114.6051,113.6831,12/12/2019 3:19:34 PM
114.6051,113.6831,12/12/2019 3:19:34 PM
114.4457,113.6014,12/12/2019 3:19:34 PM
114.3849,113.5677,12/12/2019 3:19:34 PM
114.3361,113.5469,12/12/2019 3:19:34 PM
114.3361,113.5469,12/12/2019 3:19:34 PM
114.1976,113.5196,12/12/2019 3:19:34 PM
114.1976,113.5196,12/12/2019 3:19:34 PM
113.9683,113.4272,12/12/2019 3:19:34 PM
113.8974,113.3226,12/12/2019 3:19:34 PM
113.8974,113.3226,12/12/2019 3:19:34 PM
113.7629,113.1208,12/12/2019 3:19:34 PM
113.7591,113.0707,12/12/2019 3:19:34 PM
113.645,113.0127,12/12/2019 3:19:35 PM
113.5176,112.9214,12/12/2019 3:19:35 PM
113.5176,112.9214,12/12/2019 3:19:35 PM
113.491,112.9849,12/12/2019 3:19:35 PM
113.4312,113.0225,12/12/2019 3:19:35 PM
113.3525,113.1099,12/12/2019 3:19:35 PM
113.2643,113.2378,12/12/2019 3:19:35 PM
112.9764,113.0873,12/12/2019 3:19:35 PM
112.9764,113.0873,12/12/2019 3:19:35 PM
112.7083,112.9103,12/12/2019 3:19:35 PM
112.7083,112.9103,12/12/2019 3:19:35 PM
112.9521,112.9888,12/12/2019 3:19:35 PM
112.9521,112.9888,12/12/2019 3:19:35 PM
112.6788,113.0203,12/12/2019 3:19:35 PM
112.6788,113.0203,12/12/2019 3:19:35 PM
112.4379,113.0209,12/12/2019 3:19:35 PM
112.5013,113.0646,12/12/2019 3:19:35 PM
112.4136,113.0962,12/12/2019 3:19:35 PM
112.4136,113.0962,12/12/2019 3:19:35 PM
112.6028,113.1475,12/12/2019 3:19:35 PM
112.6028,113.1475,12/12/2019 3:19:35 PM
112.6412,113.1718,12/12/2019 3:19:35 PM
112.7668,113.117,12/12/2019 3:19:35 PM
112.775,113.1951,12/12/2019 3:19:35 PM
112.7037,113.1318,12/12/2019 3:19:35 PM
112.5814,113.0521,12/12/2019 3:19:35 PM
112.4357,113.1407,12/12/2019 3:19:35 PM
112.443,113.082,12/12/2019 3:19:35 PM
112.6319,113.1481,12/12/2019 3:19:35 PM
112.6319,113.1481,12/12/2019 3:19:35 PM
112.6436,113.1447,12/12/2019 3:19:36 PM
112.7415,113.2067,12/12/2019 3:19:36 PM
112.7866,113.2483,12/12/2019 3:19:36 PM
112.8495,113.2581,12/12/2019 3:19:36 PM
112.8499,113.272,12/12/2019 3:19:36 PM
112.8499,113.272,12/12/2019 3:19:36 PM
112.885,113.2804,12/12/2019 3:19:36 PM
112.8597,113.2723,12/12/2019 3:19:36 PM
112.8833,113.287,12/12/2019 3:19:36 PM
112.9075,113.2916,12/12/2019 3:19:36 PM
112.6839,113.3867,12/12/2019 3:19:36 PM
112.8447,113.4101,12/12/2019 3:19:36 PM
112.7227,113.4369,12/12/2019 3:19:36 PM
112.5262,113.554,12/12/2019 3:19:36 PM
112.0767,113.6697,12/12/2019 3:19:36 PM
111.3923,114.5002,12/12/2019 3:19:36 PM
110.8236,115.0036,12/12/2019 3:19:36 PM
110.4477,115.5402,12/12/2019 3:19:36 PM
110.0799,115.8703,12/12/2019 3:19:36 PM
109.7134,115.9468,12/12/2019 3:19:36 PM
109.5152,116.3516,12/12/2019 3:19:36 PM
109.3097,116.7774,12/12/2019 3:19:36 PM
109.5593,117.4409,12/12/2019 3:19:36 PM
110.13,118.1578,12/12/2019 3:19:36 PM
110.5737,118.7555,12/12/2019 3:19:36 PM
111.2647,119.1144,12/12/2019 3:19:36 PM
111.811,118.8113,12/12/2019 3:19:36 PM
111.7745,118.4964,12/12/2019 3:19:36 PM
111.0463,117.6138,12/12/2019 3:19:36 PM
110.9711,116.6823,12/12/2019 3:19:36 PM
112.2374,117.2082,12/12/2019 3:19:37 PM
112.7409,117.6916,12/12/2019 3:19:37 PM
113.6983,119.0434,12/12/2019 3:19:37 PM
115.8017,119.6859,12/12/2019 3:19:37 PM
120.5789,119.883,12/12/2019 3:19:37 PM
122.4638,119.5061,12/12/2019 3:19:37 PM
124.2457,119.2787,12/12/2019 3:19:37 PM
120.9807,119.9156,12/12/2019 3:19:37 PM
122.637,118.9844,12/12/2019 3:19:37 PM
122.3379,118.1452,12/12/2019 3:19:37 PM
121.5691,117.5313,12/12/2019 3:19:37 PM
125.7267,118.2906,12/12/2019 3:19:37 PM
128.7276,117.618,12/12/2019 3:19:37 PM
129.4719,117.339,12/12/2019 3:19:37 PM
132.6538,117.8173,12/12/2019 3:19:37 PM
135.0316,117.2689,12/12/2019 3:19:37 PM
130.9256,122.4415,12/12/2019 3:19:37 PM
133.7086,83.20318,12/12/2019 3:19:37 PM
118.8564,122.1124,12/12/2019 3:19:37 PM
114.1796,120.2319,12/12/2019 3:19:37 PM
129.2823,123.337,12/12/2019 3:19:37 PM
89.88995,79.85208,12/12/2019 3:19:37 PM
114.4374,114.9598,12/12/2019 3:19:44 PM
114.4562,114.9551,12/12/2019 3:19:44 PM
114.3555,115.1339,12/12/2019 3:19:44 PM
114.215,114.9522,12/12/2019 3:19:45 PM
114.8907,114.9736,12/12/2019 3:19:45 PM
115.574,114.7112,12/12/2019 3:19:45 PM
116.197,114.823,12/12/2019 3:19:45 PM
116.6091,114.7253,12/12/2019 3:19:45 PM
117.1472,114.8424,12/12/2019 3:19:45 PM
117.5523,115.0237,12/12/2019 3:19:45 PM
117.8521,115.0238,12/12/2019 3:19:45 PM
118.1698,114.9711,12/12/2019 3:19:45 PM
118.6193,114.8735,12/12/2019 3:19:45 PM
118.7509,114.8235,12/12/2019 3:19:45 PM
118.8768,114.7648,12/12/2019 3:19:45 PM
118.5042,114.8562,12/12/2019 3:19:45 PM
118.3215,114.809,12/12/2019 3:19:45 PM
118.3645,114.7699,12/12/2019 3:19:45 PM
118.2534,114.7419,12/12/2019 3:19:45 PM
118.332,114.5769,12/12/2019 3:19:45 PM
118.3506,114.5584,12/12/2019 3:19:45 PM
118.3956,114.5745,12/12/2019 3:19:45 PM
118.4694,114.7324,12/12/2019 3:19:45 PM
118.547,114.7379,12/12/2019 3:19:45 PM
118.522,114.7366,12/12/2019 3:19:45 PM
118.4821,114.7137,12/12/2019 3:19:45 PM
118.3901,114.669,12/12/2019 3:19:45 PM
118.2513,114.7135,12/12/2019 3:19:45 PM
118.1963,114.7419,12/12/2019 3:19:45 PM
118.2718,114.7563,12/12/2019 3:19:45 PM
118.1948,114.7873,12/12/2019 3:19:45 PM
118.1283,114.8069,12/12/2019 3:19:45 PM
118.1274,114.8521,12/12/2019 3:19:45 PM
118.1195,114.8793,12/12/2019 3:19:46 PM
118.1695,114.8819,12/12/2019 3:19:46 PM
118.1319,114.8695,12/12/2019 3:19:46 PM
118.1083,114.8232,12/12/2019 3:19:46 PM
118.0851,114.7965,12/12/2019 3:19:46 PM
118.0348,114.8101,12/12/2019 3:19:46 PM
117.9889,114.8042,12/12/2019 3:19:46 PM
117.9415,114.7765,12/12/2019 3:19:46 PM
117.924,114.7401,12/12/2019 3:19:46 PM
117.9052,114.7599,12/12/2019 3:19:46 PM
117.8909,114.7609,12/12/2019 3:19:46 PM
117.8751,114.7497,12/12/2019 3:19:46 PM
117.839,114.76,12/12/2019 3:19:46 PM
117.8361,114.7458,12/12/2019 3:19:46 PM
117.8318,114.764,12/12/2019 3:19:46 PM
117.798,114.7662,12/12/2019 3:19:46 PM
117.793,114.755,12/12/2019 3:19:46 PM
117.7787,114.7137,12/12/2019 3:19:46 PM
117.7835,114.7215,12/12/2019 3:19:46 PM
117.7816,114.7064,12/12/2019 3:19:46 PM
117.8011,114.6529,12/12/2019 3:19:46 PM
117.8008,114.6696,12/12/2019 3:19:46 PM
117.8034,114.6464,12/12/2019 3:19:46 PM
117.8212,114.6542,12/12/2019 3:19:46 PM
117.8711,114.6365,12/12/2019 3:19:46 PM
117.857,114.6434,12/12/2019 3:19:46 PM
117.8531,114.6168,12/12/2019 3:19:46 PM
117.8381,114.6082,12/12/2019 3:19:46 PM
117.8539,114.6008,12/12/2019 3:19:46 PM
117.8453,114.5994,12/12/2019 3:19:46 PM
117.8303,114.5513,12/12/2019 3:19:47 PM
117.8158,114.5128,12/12/2019 3:19:47 PM
117.8303,114.479,12/12/2019 3:19:47 PM
117.811,114.4374,12/12/2019 3:19:47 PM
117.7996,114.4162,12/12/2019 3:19:47 PM
117.7778,114.398,12/12/2019 3:19:47 PM
117.7387,114.345,12/12/2019 3:19:47 PM
117.6891,114.4368,12/12/2019 3:19:47 PM
117.6306,114.4929,12/12/2019 3:19:47 PM
117.7345,114.6785,12/12/2019 3:19:47 PM
117.79,115.2609,12/12/2019 3:19:47 PM
117.7915,116.7801,12/12/2019 3:19:47 PM
117.7915,116.7801,12/12/2019 3:19:47 PM
117.8712,121.8218,12/12/2019 3:19:47 PM
117.972,125.0596,12/12/2019 3:19:47 PM
117.9248,129.0739,12/12/2019 3:19:47 PM
117.9259,132.8265,12/12/2019 3:19:47 PM
117.9805,136.8195,12/12/2019 3:19:47 PM
118.031,140.7276,12/12/2019 3:19:47 PM
118.0975,143.3412,12/12/2019 3:19:47 PM
118.137,145.9743,12/12/2019 3:19:47 PM
118.0796,148.4067,12/12/2019 3:19:47 PM
118.1071,150.1837,12/12/2019 3:19:47 PM
118.1134,151.4505,12/12/2019 3:19:47 PM
118.124,152.6431,12/12/2019 3:19:47 PM
118.1062,153.1912,12/12/2019 3:19:47 PM
118.1062,153.1912,12/12/2019 3:19:47 PM
118.0231,153.3755,12/12/2019 3:19:47 PM
118.011,153.2153,12/12/2019 3:19:47 PM
117.9701,153.1207,12/12/2019 3:19:47 PM
117.9517,152.7946,12/12/2019 3:19:48 PM
117.8863,151.8785,12/12/2019 3:19:48 PM
117.8127,150.0077,12/12/2019 3:19:48 PM
117.7318,147.654,12/12/2019 3:19:48 PM
117.651,145.4469,12/12/2019 3:19:48 PM
117.5507,143.1388,12/12/2019 3:19:48 PM
117.547,140.6286,12/12/2019 3:19:48 PM
117.4177,138.5968,12/12/2019 3:19:48 PM
117.4384,136.5661,12/12/2019 3:19:48 PM
117.4155,135.255,12/12/2019 3:19:48 PM
117.3783,133.9573,12/12/2019 3:19:48 PM
117.3783,133.9573,12/12/2019 3:19:48 PM
117.367,132.6664,12/12/2019 3:19:48 PM
117.4531,129.8593,12/12/2019 3:19:48 PM
117.4531,129.8593,12/12/2019 3:19:48 PM
117.4537,128.3637,12/12/2019 3:19:48 PM
117.5533,126.9124,12/12/2019 3:19:48 PM
117.5019,123.6596,12/12/2019 3:19:48 PM
117.5019,123.6596,12/12/2019 3:19:48 PM
117.3995,120.1843,12/12/2019 3:19:48 PM
117.3739,118.9048,12/12/2019 3:19:48 PM
117.3739,118.9048,12/12/2019 3:19:48 PM
117.3864,117.5188,12/12/2019 3:19:48 PM
117.3065,115.6598,12/12/2019 3:19:48 PM
117.3065,115.6598,12/12/2019 3:19:48 PM
117.2425,114.9025,12/12/2019 3:19:48 PM
117.2699,114.2806,12/12/2019 3:19:48 PM
117.2699,114.2806,12/12/2019 3:19:48 PM
118.3499,114.4001,12/12/2019 3:19:48 PM
118.3499,114.4001,12/12/2019 3:19:48 PM
123.0698,114.5862,12/12/2019 3:19:49 PM
123.0698,114.5862,12/12/2019 3:19:49 PM
126.8605,114.7119,12/12/2019 3:19:49 PM
130.7959,114.7697,12/12/2019 3:19:49 PM
137.4422,114.8695,12/12/2019 3:19:49 PM
137.4422,114.8695,12/12/2019 3:19:49 PM
140.7779,114.9533,12/12/2019 3:19:49 PM
143.4672,115.015,12/12/2019 3:19:49 PM
147.4229,115.2536,12/12/2019 3:19:49 PM
147.4229,115.2536,12/12/2019 3:19:49 PM
149.1261,115.3547,12/12/2019 3:19:49 PM
150.3703,115.3727,12/12/2019 3:19:49 PM
151.4135,115.3995,12/12/2019 3:19:49 PM
151.9537,115.4733,12/12/2019 3:19:49 PM
152.2438,115.4254,12/12/2019 3:19:49 PM
152.162,115.3628,12/12/2019 3:19:49 PM
151.9635,115.2317,12/12/2019 3:19:49 PM
151.6306,115.153,12/12/2019 3:19:49 PM
150.3404,115.042,12/12/2019 3:19:49 PM
148.1189,115.025,12/12/2019 3:19:49 PM
145.3854,115.016,12/12/2019 3:19:49 PM
142.3003,115.0366,12/12/2019 3:19:49 PM
139.1535,115.0411,12/12/2019 3:19:49 PM
136.6651,115.0095,12/12/2019 3:19:49 PM
133.9204,114.9704,12/12/2019 3:19:49 PM
132.0586,114.8418,12/12/2019 3:19:49 PM
129.2479,114.8376,12/12/2019 3:19:49 PM
127.1063,114.6958,12/12/2019 3:19:49 PM
124.8647,114.5595,12/12/2019 3:19:49 PM
122.7251,114.4757,12/12/2019 3:19:49 PM
120.9311,114.4439,12/12/2019 3:19:50 PM
119.2354,114.3882,12/12/2019 3:19:50 PM
118.0777,114.304,12/12/2019 3:19:50 PM
117.1783,114.3144,12/12/2019 3:19:50 PM
116.2976,114.2382,12/12/2019 3:19:50 PM
115.856,114.2485,12/12/2019 3:19:50 PM
115.3817,114.2655,12/12/2019 3:19:50 PM
115.1902,114.2104,12/12/2019 3:19:50 PM
115.1001,114.1961,12/12/2019 3:19:50 PM
115.0219,114.1587,12/12/2019 3:19:50 PM
115.0367,114.1156,12/12/2019 3:19:50 PM
115.2255,114.146,12/12/2019 3:19:50 PM
115.4545,114.1485,12/12/2019 3:19:50 PM
115.7599,114.182,12/12/2019 3:19:50 PM
116.0615,114.1336,12/12/2019 3:19:50 PM
116.2988,114.1214,12/12/2019 3:19:50 PM
116.3964,114.1742,12/12/2019 3:19:50 PM
116.4322,114.163,12/12/2019 3:19:50 PM
116.4812,114.2439,12/12/2019 3:19:50 PM
116.4304,114.2397,12/12/2019 3:19:50 PM
116.4142,114.2418,12/12/2019 3:19:50 PM
116.335,114.2416,12/12/2019 3:19:50 PM
116.2989,114.2631,12/12/2019 3:19:50 PM
116.2426,114.277,12/12/2019 3:19:50 PM
116.1971,114.2488,12/12/2019 3:19:50 PM
116.1851,114.2978,12/12/2019 3:19:50 PM
116.1354,114.3121,12/12/2019 3:19:50 PM
116.1254,114.2977,12/12/2019 3:19:50 PM
116.1198,114.3395,12/12/2019 3:19:50 PM
116.1456,114.3368,12/12/2019 3:19:50 PM
116.1296,114.3471,12/12/2019 3:19:50 PM
116.1727,114.3555,12/12/2019 3:19:51 PM
116.1863,114.378,12/12/2019 3:19:51 PM
116.212,114.3871,12/12/2019 3:19:51 PM
116.2153,114.3729,12/12/2019 3:19:51 PM
116.2305,114.3844,12/12/2019 3:19:51 PM
116.2381,114.3797,12/12/2019 3:19:51 PM
116.2188,114.3693,12/12/2019 3:19:51 PM
116.2115,114.3675,12/12/2019 3:19:51 PM
116.2102,114.3591,12/12/2019 3:19:51 PM
116.1828,114.3406,12/12/2019 3:19:51 PM
116.1981,114.3393,12/12/2019 3:19:51 PM
116.2001,114.336,12/12/2019 3:19:51 PM
116.2108,114.3237,12/12/2019 3:19:51 PM
116.1853,114.3227,12/12/2019 3:19:51 PM
116.1774,114.3232,12/12/2019 3:19:51 PM
116.1802,114.3297,12/12/2019 3:19:51 PM
116.1667,114.3157,12/12/2019 3:19:51 PM
116.1125,114.3203,12/12/2019 3:19:51 PM
116.0692,114.3316,12/12/2019 3:19:51 PM
115.9722,114.3543,12/12/2019 3:19:51 PM
115.9453,114.3423,12/12/2019 3:19:51 PM
115.9254,114.3553,12/12/2019 3:19:51 PM
115.9078,114.3687,12/12/2019 3:19:51 PM
115.8889,114.3325,12/12/2019 3:19:51 PM
115.8695,114.2938,12/12/2019 3:19:51 PM
115.7628,114.2267,12/12/2019 3:19:51 PM
115.7468,114.2201,12/12/2019 3:19:51 PM
115.7671,114.2044,12/12/2019 3:19:51 PM
115.7688,114.1971,12/12/2019 3:19:51 PM
115.721,114.178,12/12/2019 3:19:51 PM
115.6896,114.1706,12/12/2019 3:19:52 PM
115.7252,114.1937,12/12/2019 3:19:52 PM
115.7033,114.1686,12/12/2019 3:19:52 PM
115.7124,114.1865,12/12/2019 3:19:52 PM
115.6841,114.1519,12/12/2019 3:19:52 PM
115.6383,114.155,12/12/2019 3:19:52 PM
115.6237,114.1419,12/12/2019 3:19:52 PM
115.5794,114.1376,12/12/2019 3:19:52 PM
115.5458,114.1399,12/12/2019 3:19:52 PM
115.5422,114.1381,12/12/2019 3:19:52 PM
115.5895,114.1527,12/12/2019 3:19:52 PM
115.5646,114.1523,12/12/2019 3:19:52 PM
115.5412,114.1425,12/12/2019 3:19:52 PM
115.5407,114.1733,12/12/2019 3:19:52 PM
115.5045,114.1667,12/12/2019 3:19:52 PM
115.5009,114.1704,12/12/2019 3:19:52 PM
115.4688,114.1598,12/12/2019 3:19:52 PM
115.4871,114.1687,12/12/2019 3:19:52 PM
115.5059,114.1451,12/12/2019 3:19:52 PM
115.6663,114.1564,12/12/2019 3:19:52 PM
116.4134,114.1481,12/12/2019 3:19:52 PM
118.7317,114.1848,12/12/2019 3:19:52 PM
123.3024,114.2232,12/12/2019 3:19:52 PM
129.2463,114.3797,12/12/2019 3:19:52 PM
134.0218,114.4993,12/12/2019 3:19:52 PM
138.5736,114.6007,12/12/2019 3:19:52 PM
143.0026,114.6296,12/12/2019 3:19:52 PM
146.202,114.7642,12/12/2019 3:19:52 PM
149.4301,114.882,12/12/2019 3:19:52 PM
152.0602,115.032,12/12/2019 3:19:52 PM
154.0845,115.1231,12/12/2019 3:19:53 PM
155.668,115.1031,12/12/2019 3:19:53 PM
156.2655,115.1327,12/12/2019 3:19:53 PM
156.5865,115.1475,12/12/2019 3:19:53 PM
156.4588,115.1332,12/12/2019 3:19:53 PM
156.2033,115.127,12/12/2019 3:19:53 PM
155.0218,115.0938,12/12/2019 3:19:53 PM
152.825,115.0579,12/12/2019 3:19:53 PM
149.2121,114.9926,12/12/2019 3:19:53 PM
145.4435,114.9753,12/12/2019 3:19:53 PM
141.6204,114.9152,12/12/2019 3:19:53 PM
137.8452,114.894,12/12/2019 3:19:53 PM
134.6921,114.8277,12/12/2019 3:19:53 PM
131.4904,114.8082,12/12/2019 3:19:53 PM
129.0605,114.7798,12/12/2019 3:19:53 PM
126.0503,114.6449,12/12/2019 3:19:53 PM
123.4697,114.542,12/12/2019 3:19:53 PM
121.1597,114.4359,12/12/2019 3:19:53 PM
119.4447,114.2398,12/12/2019 3:19:53 PM
118.0603,114.1806,12/12/2019 3:19:53 PM
116.2486,114.0744,12/12/2019 3:19:53 PM
114.969,114.0237,12/12/2019 3:19:53 PM
114.3077,114.03,12/12/2019 3:19:53 PM
113.6868,113.9847,12/12/2019 3:19:53 PM
113.2569,113.9589,12/12/2019 3:19:53 PM
113.2208,113.9339,12/12/2019 3:19:53 PM
113.1867,113.8774,12/12/2019 3:19:53 PM
113.2439,113.8788,12/12/2019 3:19:53 PM
113.2132,113.9227,12/12/2019 3:19:53 PM
113.2168,113.9222,12/12/2019 3:19:53 PM
113.3286,113.9244,12/12/2019 3:19:54 PM
113.3252,113.9377,12/12/2019 3:19:54 PM
113.3118,113.9109,12/12/2019 3:19:54 PM
113.3315,113.9092,12/12/2019 3:19:54 PM
113.347,113.9107,12/12/2019 3:19:54 PM
113.3835,113.8926,12/12/2019 3:19:54 PM
113.3652,113.8823,12/12/2019 3:19:54 PM
113.4009,113.8965,12/12/2019 3:19:54 PM
113.4569,113.8988,12/12/2019 3:19:54 PM
113.586,113.9301,12/12/2019 3:19:54 PM
113.7211,113.9252,12/12/2019 3:19:54 PM
113.8094,113.9174,12/12/2019 3:19:54 PM
113.8731,113.9242,12/12/2019 3:19:54 PM
113.9289,113.9329,12/12/2019 3:19:54 PM
113.9951,113.9409,12/12/2019 3:19:54 PM
114.0425,113.9668,12/12/2019 3:19:54 PM
114.0676,113.9783,12/12/2019 3:19:54 PM
114.1154,114.0184,12/12/2019 3:19:54 PM
114.1408,114.0611,12/12/2019 3:19:54 PM
114.1718,114.0935,12/12/2019 3:19:54 PM
114.2066,114.3018,12/12/2019 3:19:54 PM
114.2454,114.8614,12/12/2019 3:19:54 PM
114.3104,115.9048,12/12/2019 3:19:54 PM
114.3335,117.2535,12/12/2019 3:19:54 PM
114.3693,119.6773,12/12/2019 3:19:54 PM
114.4879,122.449,12/12/2019 3:19:54 PM
114.5658,124.921,12/12/2019 3:19:54 PM
114.5998,127.6209,12/12/2019 3:19:54 PM
114.6464,130.3114,12/12/2019 3:19:54 PM
114.7591,132.4899,12/12/2019 3:19:54 PM
114.787,134.4901,12/12/2019 3:19:55 PM
114.841,136.1235,12/12/2019 3:19:55 PM
114.8895,137.5996,12/12/2019 3:19:55 PM
114.9309,138.4924,12/12/2019 3:19:55 PM
114.935,139.0035,12/12/2019 3:19:55 PM
114.9633,139.2423,12/12/2019 3:19:55 PM
114.9759,139.2269,12/12/2019 3:19:55 PM
114.9861,138.9765,12/12/2019 3:19:55 PM
114.9952,138.6398,12/12/2019 3:19:55 PM
115.0237,137.7969,12/12/2019 3:19:55 PM
115.0442,136.7765,12/12/2019 3:19:55 PM
115.0405,135.3745,12/12/2019 3:19:55 PM
115.2038,134.1506,12/12/2019 3:19:55 PM
115.4043,133.0056,12/12/2019 3:19:55 PM
115.7124,131.6627,12/12/2019 3:19:55 PM
116.1121,130.359,12/12/2019 3:19:55 PM
116.2808,128.7762,12/12/2019 3:19:55 PM
116.4578,126.976,12/12/2019 3:19:55 PM
116.534,125.2351,12/12/2019 3:19:55 PM
116.594,124.0429,12/12/2019 3:19:55 PM
116.5379,122.5843,12/12/2019 3:19:55 PM
116.4952,121.4456,12/12/2019 3:19:55 PM
116.3446,120.4179,12/12/2019 3:19:55 PM
116.1883,119.372,12/12/2019 3:19:55 PM
116.1216,118.5368,12/12/2019 3:19:55 PM
115.9123,117.6712,12/12/2019 3:19:55 PM
115.8769,116.9118,12/12/2019 3:19:55 PM
115.8232,116.3409,12/12/2019 3:19:55 PM
115.8186,116.0478,12/12/2019 3:19:55 PM
115.834,115.9051,12/12/2019 3:19:55 PM
115.8462,115.933,12/12/2019 3:19:56 PM
115.8921,116.0969,12/12/2019 3:19:56 PM
115.9529,116.6961,12/12/2019 3:19:56 PM
115.9772,118.7989,12/12/2019 3:19:56 PM
116.0965,122.0418,12/12/2019 3:19:56 PM
116.1068,126.6398,12/12/2019 3:19:56 PM
116.1236,131.0423,12/12/2019 3:19:56 PM
116.2424,135.4326,12/12/2019 3:19:56 PM
116.3414,140.5876,12/12/2019 3:19:56 PM
116.5256,143.7084,12/12/2019 3:19:56 PM
116.7008,146.7292,12/12/2019 3:19:56 PM
116.7626,149.8553,12/12/2019 3:19:56 PM
116.8461,151.5099,12/12/2019 3:19:56 PM
116.8294,152.9096,12/12/2019 3:19:56 PM
116.7507,154.1245,12/12/2019 3:19:56 PM
116.7173,154.3913,12/12/2019 3:19:56 PM
116.6835,154.4586,12/12/2019 3:19:56 PM
116.6454,154.3999,12/12/2019 3:19:56 PM
116.4988,154.0901,12/12/2019 3:19:56 PM
116.4553,153.1373,12/12/2019 3:19:56 PM
116.3976,150.7526,12/12/2019 3:19:56 PM
116.3542,148.4037,12/12/2019 3:19:56 PM
116.3311,145.2121,12/12/2019 3:19:56 PM
116.261,141.6134,12/12/2019 3:19:56 PM
116.1571,138.5055,12/12/2019 3:19:56 PM
115.4115,118.0757,12/12/2019 3:19:57 PM
115.4175,117.1964,12/12/2019 3:19:57 PM
115.3173,116.4392,12/12/2019 3:19:57 PM
115.2653,115.9296,12/12/2019 3:19:57 PM
115.2581,115.565,12/12/2019 3:19:57 PM
115.2159,115.2541,12/12/2019 3:19:57 PM
115.2155,115.0445,12/12/2019 3:19:57 PM
115.2517,114.844,12/12/2019 3:19:57 PM
115.2764,114.634,12/12/2019 3:19:57 PM
115.2604,114.5279,12/12/2019 3:19:57 PM
115.262,114.4177,12/12/2019 3:19:57 PM
115.1779,114.3168,12/12/2019 3:19:57 PM
115.1519,114.2993,12/12/2019 3:19:57 PM
115.1525,114.2553,12/12/2019 3:19:57 PM
115.1444,114.198,12/12/2019 3:19:57 PM
115.1114,114.163,12/12/2019 3:19:57 PM
115.0998,114.1135,12/12/2019 3:19:57 PM
114.9626,114.067,12/12/2019 3:19:57 PM
114.9784,114.0521,12/12/2019 3:19:57 PM
114.9506,114.0539,12/12/2019 3:19:57 PM
114.8898,114.0334,12/12/2019 3:19:57 PM
114.8898,114.0264,12/12/2019 3:19:57 PM
114.8829,114.0155,12/12/2019 3:19:57 PM
114.8534,113.9823,12/12/2019 3:19:57 PM
114.8584,113.9685,12/12/2019 3:19:57 PM
114.8706,113.9502,12/12/2019 3:19:58 PM
114.8776,113.9502,12/12/2019 3:19:58 PM
114.913,113.9721,12/12/2019 3:19:58 PM
114.9038,113.9409,12/12/2019 3:19:58 PM
114.942,113.935,12/12/2019 3:19:58 PM
114.9344,113.9267,12/12/2019 3:19:58 PM
114.8871,113.9174,12/12/2019 3:19:58 PM
114.8719,113.9104,12/12/2019 3:19:58 PM
114.9113,113.9038,12/12/2019 3:19:58 PM
114.9095,113.9099,12/12/2019 3:19:58 PM
114.9035,113.904,12/12/2019 3:19:58 PM
114.8952,113.9244,12/12/2019 3:19:58 PM
114.9107,113.9053,12/12/2019 3:19:58 PM
114.9129,113.8812,12/12/2019 3:19:58 PM
114.9014,113.8653,12/12/2019 3:19:58 PM
114.9029,113.867,12/12/2019 3:19:58 PM
114.9149,113.8472,12/12/2019 3:19:58 PM
114.916,113.8193,12/12/2019 3:19:58 PM
114.9161,113.8294,12/12/2019 3:19:58 PM
114.9206,113.8043,12/12/2019 3:19:58 PM
114.9431,113.776,12/12/2019 3:19:58 PM
114.9575,113.7592,12/12/2019 3:19:58 PM
114.9364,113.6985,12/12/2019 3:19:58 PM
114.9151,113.6647,12/12/2019 3:19:58 PM
114.9079,113.6765,12/12/2019 3:19:58 PM
114.9128,113.6507,12/12/2019 3:19:58 PM
114.8962,113.6802,12/12/2019 3:19:58 PM
114.9023,113.6895,12/12/2019 3:19:58 PM
114.8763,113.6468,12/12/2019 3:19:58 PM
114.8636,113.6408,12/12/2019 3:19:58 PM
114.8739,113.6759,12/12/2019 3:19:59 PM
114.9099,113.6601,12/12/2019 3:19:59 PM
114.8853,113.6425,12/12/2019 3:19:59 PM
114.9067,113.643,12/12/2019 3:19:59 PM
114.8951,113.6234,12/12/2019 3:19:59 PM
